{
    "R": [
        [
            0.9999819397926331,
            0.00578598165884614,
            0.0015215761959552765
        ],
        [
            -0.005954364780336618,
            0.9872425198554993,
            0.15911255776882172
        ],
        [
            -0.0005815433687530458,
            -0.1591186821460724,
            0.9872593283653259
        ]
    ],
    "s0": 0.06953327357769012,
    "s1": 0.01650923117995262,
    "t0": [
        0.06163407862186432,
        -0.056707460433244705,
        0.26099830865859985
    ],
    "t1": [
        0.07130324840545654,
        -0.0604306124150753,
        0.23198118805885315
    ]
}